BIN Number,Borough Name,Community Board,Date Entered,Last Inspection Date,Complaint Number,Active Flag Description,Priority Code,Complaint  Category,Complaint  Category Description,Complaint  Category2,Disposition Code,Disposition Code Description,Latitude,Longitude,Complaint Reason,House Number,Street Name,Block,Lot
1004353,Manhattan,103,4/5/2024,4/6/2024,1664568,Resolved,A,30,BUILDING SHAKING/VIBRATING/STRUCT STABILITY AFFECTED,CAT30 Resolved,A8,ECB VIOLATION SERVED,40.72126,-73.98061,Customer called to report that he believes the already exiting crack seemed to have gotten larger after today's earthquake. Crack is at the back side of the building (facing north and east) which can be accessed through the lobby on the back side or from apartment 1 or 3 and/or the liquor store has the key to the backyard. Crack is also horizontally and vertically,24,AVENUE C,372,6
1008183,Manhattan,102,4/5/2024,4/6/2024,1664570,Resolved,A,30,BUILDING SHAKING/VIBRATING/STRUCT STABILITY AFFECTED,CAT30 Resolved,A8,ECB VIOLATION SERVED,40.72488,-73.99385,building shook for 30 sec to a 1 minute bc of the           instability due to the earthquake on 04/05/2024 the existing cracks   got bigger,302,MOTT STREET,521,26
1010365,Manhattan,102,4/5/2024,4/6/2024,1664555,Resolved,A,30,BUILDING SHAKING/VIBRATING/STRUCT STABILITY AFFECTED,CAT30 Resolved,I2,NO VIOLATION WARRANTED FOR COMPLAINT AT TIME OF INSPECTION,40.72684,-74.00865,There is cement and bricks falling off the building exterior at the top from the building that I reside in. The bricks are falling all the way to the ground below causing a significant mess on the sidewalk. This is a serious safety hazard.,99,VAN DAM STREET,597,37
1012890,Manhattan,104,4/5/2024,4/5/2024,1664513,Resolved,A,30,BUILDING SHAKING/VIBRATING/STRUCT STABILITY AFFECTED,CAT30 Resolved,I2,NO VIOLATION WARRANTED FOR COMPLAINT AT TIME OF INSPECTION,40.75552,-73.99681,"The building at 429 w 36th street in Manhattan is vacant and deteriorating. It shook a lot during the earthquake. The roof is falling apart, it's right next to the busy Lincoln tunnel. Please inspect| The roof has holes and it's dangerous",429,WEST 36 STREET,734,16
1031177,Manhattan,107,4/5/2024,4/5/2024,1664501,Resolved,A,30,BUILDING SHAKING/VIBRATING/STRUCT STABILITY AFFECTED,CAT30 Resolved,WA,WEATHER RELATED: NO ACTION NECESSARY,40.78327,-73.97197,There is construction that is being done within building. Since the Earthquake that has been observed I would like for this building to be inspected as I feel there maybe instability issue as this building is old. There is no immediate danger but a inspection to ensure the stability of this building is warranted due the earthquake.,13,WEST 82 STREET,1196,23
1051842,Manhattan,111,4/5/2024,4/6/2024,1664502,Resolved,A,30,BUILDING SHAKING/VIBRATING/STRUCT STABILITY AFFECTED,CAT30 Resolved,WB,WEATHER RELATED: NO ACCESS,40.78928,-73.94874,Our building is shaking and swaying to the other side and night time our building creek as well . We want DOB to check building structure. I want DOB to let me know by phone when they arrive for inspection.,1590,LEXINGTON AVENUE,1629,14
1053939,Manhattan,110,4/5/2024,4/6/2024,1664509,Resolved,A,30,BUILDING SHAKING/VIBRATING/STRUCT STABILITY AFFECTED,CAT30 Resolved,I2,NO VIOLATION WARRANTED FOR COMPLAINT AT TIME OF INSPECTION,40.81742,-73.93671,"The building has a DOB notice stating,  exterior wall condition unsafe. Last inspection was on 1/26/2022 and stated that the issue must be fixed by 02/25/2023 but the issue has not yet been fixed.  There are massive concerns following the earthquake. Updated inspection would be ideal.",60,WEST 142 STREET,1737,59
1058309,Manhattan,110,4/5/2024,4/5/2024,1664487,Resolved,A,30,BUILDING SHAKING/VIBRATING/STRUCT STABILITY AFFECTED,CAT30 Resolved,I2,NO VIOLATION WARRANTED FOR COMPLAINT AT TIME OF INSPECTION,40.81613,-73.94257,Our building is shaking. We want DOB to check building      structure.,2321,ADAM CLAYTON POWELL BOULEVARD,1921,1
1060580,Manhattan,110,4/5/2024,4/5/2024,1664495,Resolved,A,30,BUILDING SHAKING/VIBRATING/STRUCT STABILITY AFFECTED,CAT30 Resolved,I2,NO VIOLATION WARRANTED FOR COMPLAINT AT TIME OF INSPECTION,40.82486,-73.93941,Due to the recent earthquake we would like for some to come out and inspect the building.,244,WEST 149 STREET,2034,56
1060884,Manhattan,110,4/5/2024,4/6/2024,1664515,Resolved,A,30,BUILDING SHAKING/VIBRATING/STRUCT STABILITY AFFECTED,CAT30 Resolved,I2,NO VIOLATION WARRANTED FOR COMPLAINT AT TIME OF INSPECTION,40.82816,-73.93843,"There is a crack on the 5th floor of the building on the side which is vertical coming down from the parapet and extending below the ceiling of the 5th floor. Also, there is another crack on the 5th floor level near the aforementioned crack which is vertical too.  These cracks are near the center of the side of the building.   Please note there are concerns concerning these defects due the earthquake on today, 4/5/2024.  In addition, above the 2nd floor window, there is a crack and deterioration on the right most end of the same side of the building.  And near this defect, the right most brick pier appears to be bulging outward.",301,WEST 153 STREET,2047,7
1061861,Manhattan,109,4/5/2024,4/5/2024,1664503,Resolved,A,30,BUILDING SHAKING/VIBRATING/STRUCT STABILITY AFFECTED,CAT30 Resolved,I2,NO VIOLATION WARRANTED FOR COMPLAINT AT TIME OF INSPECTION,40.82384,-73.94894,Building is leaning towards Amsterdam avenue. It is visible inside of the apartment because I would place a pencil and it would go towards the street. The building shakes and vibrates when there are strong winds. Its a really old building. (The shaking was really bad during the earthquake 04/05/24 but it has been an issue before this),135,HAMILTON PLACE,2074,33
1080777,Manhattan,105,4/5/2024,4/6/2024,1664499,Resolved,A,30,BUILDING SHAKING/VIBRATING/STRUCT STABILITY AFFECTED,CAT30 Resolved,I2,NO VIOLATION WARRANTED FOR COMPLAINT AT TIME OF INSPECTION,40.7447,-73.98447,My building has a cracked fa ade in the masonry that is     horizontal and vertically due to the 4.8 earthquake we had.,27,EAST 29 STREET,859,26
1082693,Manhattan,110,4/5/2024,4/5/2024,1664482,Resolved,A,30,BUILDING SHAKING/VIBRATING/STRUCT STABILITY AFFECTED,CAT30 Resolved,I2,NO VIOLATION WARRANTED FOR COMPLAINT AT TIME OF INSPECTION,40.81047,-73.9446,I want to report my building that is shaking/vibrating. I   just obersved this shaking/vibrating this morning,116,WEST 129 STREET,1913,40
1084044,Manhattan,110,4/5/2024,4/5/2024,1664480,Resolved,A,30,BUILDING SHAKING/VIBRATING/STRUCT STABILITY AFFECTED,CAT30 Resolved,I2,NO VIOLATION WARRANTED FOR COMPLAINT AT TIME OF INSPECTION,40.81476,-73.94741,My building shook. This has happened last week Friday. It   happened again 10 mins ago.,2470,8 AVENUE,1938,1
1088305,Manhattan,111,4/5/2024,4/5/2024,1664483,Resolved,A,30,BUILDING SHAKING/VIBRATING/STRUCT STABILITY AFFECTED,CAT30 Resolved,I2,NO VIOLATION WARRANTED FOR COMPLAINT AT TIME OF INSPECTION,40.78803,-73.94324,Building feels unsafe and you can hear cracks. The building shaking and someone needs to come out to check the building after the shaking of the earthquake.,315,EAST 102 STREET,1674,10
1090257,Manhattan,101,4/5/2024,4/5/2024,1664506,Resolved,A,30,BUILDING SHAKING/VIBRATING/STRUCT STABILITY AFFECTED,CAT30 Resolved,I2,NO VIOLATION WARRANTED FOR COMPLAINT AT TIME OF INSPECTION,40.7055,-74.00477,The building is leaning due to construction. I would like   the building to be inspected due to the earthquake as well,161,MAIDEN LANE,72,7502
1090675,Manhattan,111,4/5/2024,4/6/2024,1664565,Resolved,A,30,BUILDING SHAKING/VIBRATING/STRUCT STABILITY AFFECTED,CAT30 Resolved,I2,NO VIOLATION WARRANTED FOR COMPLAINT AT TIME OF INSPECTION,40.78434,-73.94321,the building was swaying during the earthquake today and thebuilding has cracks in the facade.,1912,FIRST AVENUE,1691,7501
1091769,Manhattan,109,4/5/2024,4/6/2024,1664577,Resolved,A,30,BUILDING SHAKING/VIBRATING/STRUCT STABILITY AFFECTED,CAT30 Resolved,I2,NO VIOLATION WARRANTED FOR COMPLAINT AT TIME OF INSPECTION,40.83167,-73.94822,after the earthquake the building i live in sunrose tower   has been having tremors and i would like for someone to be sent out tocheck on the building.,620,WEST 153 STREET,2099,17
2002455,Bronx,204,4/5/2024,4/5/2024,2389276,Resolved,A,30,BUILDING SHAKING/VIBRATING/STRUCT STABILITY AFFECTED,CAT30 Resolved,WA,WEATHER RELATED: NO ACTION NECESSARY,40.82392,-73.92288,"we have six giant holes in the center of the plaza for all 3of the buildings, and because the earthquake we are concerned about   the integrity of all 3 buildings in concord village.",780,CONC VILLAGE WEST,2443,9080
2004495,Bronx,201,4/5/2024,4/5/2024,2389263,Resolved,A,30,BUILDING SHAKING/VIBRATING/STRUCT STABILITY AFFECTED,CAT30 Resolved,A8,ECB VIOLATION SERVED,40.82127,-73.907,My building was just shaking and I worry for my safety,837,TRINITY AVENUE,2630,51
2007547,Bronx,205,4/5/2024,4/5/2024,2389264,Resolved,A,30,BUILDING SHAKING/VIBRATING/STRUCT STABILITY AFFECTED,CAT30 Resolved,I2,NO VIOLATION WARRANTED FOR COMPLAINT AT TIME OF INSPECTION,40.84879,-73.90609,building shaking,1882,GRAND CONCOURSE,2801,31
2008131,Bronx,204,4/5/2024,4/5/2024,2389302,Resolved,A,30,BUILDING SHAKING/VIBRATING/STRUCT STABILITY AFFECTED,CAT30 Resolved,A8,ECB VIOLATION SERVED,40.84218,-73.9144,There are cracks by the window. It's been an ongoing issue. This is my third time calling 311. The earthquake made it worse.,1517,WALTON AVENUE,2845,77
2008982,Bronx,205,4/5/2024,4/5/2024,2389291,Resolved,A,10,DEBRIS/BUILDING - FALLING OR IN DANGER OF FALLING,CAT10 Resolved,WA,WEATHER RELATED: NO ACTION NECESSARY,40.84768,-73.92061,Ther are loose bricks and 2 have fallen due to the earthquake today. on the side of the building as you first enter. where the bricks fell off it's been weak and we been telling to the super the water coming the walls from the roof impacting the entire line of apartments.,1482,MONTGOMERY AVENUE,2878,9
2009112,Bronx,205,4/5/2024,4/5/2024,2389338,Resolved,A,30,BUILDING SHAKING/VIBRATING/STRUCT STABILITY AFFECTED,CAT30 Resolved,I2,NO VIOLATION WARRANTED FOR COMPLAINT AT TIME OF INSPECTION,40.85415,-73.91599,Today's earthquake is believed to have created a crack in   the outside of the building fa ade. The crack is diagonal and is      located underneath the scaffolding on there corner of the building.,1915,BILLINGSLEY TERRACE,2879,184
2009121,Bronx,205,4/5/2024,4/6/2024,2389343,Resolved,A,30,BUILDING SHAKING/VIBRATING/STRUCT STABILITY AFFECTED,CAT30 Resolved,I2,NO VIOLATION WARRANTED FOR COMPLAINT AT TIME OF INSPECTION,40.85364,-73.9146,"The building is unsafe and it needs to be inspected since there are too many cracks. With the earthquake that happened today, I do not think this building can withstand a 5.0 earthquake the way it moved today. There are a lot of sounds coming from the walls as if there are pieces of rock falling through the walls, you can feel the wind from outside against the walls, when it rains the window curtains fall due to the wall getting soft from getting wet, for the hallways from the first to the fifth floor the paint is peeling and big pieces of plaster falls and there are big cracks, and when it rains on the fifth floor it becomes wet and damp, there are many cracks in the walls, and on the stairs going to the roof there were screws installed to stop the cracks from expanding, in the lobby there are a lot of cracks. I have taken pictures of everything. I am half a block away from the building collapse that occurred in the Bronx and this makes me feel unsafe in my building.",1874,LORING PLACE SOUTH,2879,200
2009894,Bronx,206,4/5/2024,4/5/2024,2389269,Resolved,A,30,BUILDING SHAKING/VIBRATING/STRUCT STABILITY AFFECTED,CAT30 Resolved,I2,NO VIOLATION WARRANTED FOR COMPLAINT AT TIME OF INSPECTION,40.84445,-73.89383,you felt the whole building shake and would like someone to come check the stability,630,EAST 176 STREET,2945,27
2011173,Bronx,206,4/5/2024,4/5/2024,2389272,Resolved,A,30,BUILDING SHAKING/VIBRATING/STRUCT STABILITY AFFECTED,CAT30 Resolved,A1,BUILDINGS VIOLATION(S) SERVED,40.85582,-73.89507,"Building vibrated and  started to shake as a result of a earth quake . There is no construction taking place at the location, I am requesting that D.O.B looks into this because even before this earth quake  the floors in my apartment have been slanted for years.  I also heard the bricks out side of the building crack. Prior I also had cracks in the walls in ceiling I'm not sure if these cracks are horizonal or vertical.",4535,PARK AVENUE,3030,159
2013745,Bronx,205,4/5/2024,4/5/2024,2389283,Resolved,A,30,BUILDING SHAKING/VIBRATING/STRUCT STABILITY AFFECTED,CAT30 Resolved,I2,NO VIOLATION WARRANTED FOR COMPLAINT AT TIME OF INSPECTION,40.854,-73.90334,VISIBLE CRACK INSIDE OF HOUSE AROUND WINDOW FRAME ( 4 LARGE CRACKS ) ( EARTHQUAKE RELATED ) ( AROUND 2 WINDOWS ),2084,CRESTON AVENUE,3161,1
2013767,Bronx,205,4/5/2024,4/5/2024,2389255,Resolved,A,30,BUILDING SHAKING/VIBRATING/STRUCT STABILITY AFFECTED,CAT30 Resolved,H1,PLEASE SEE COMPLAINT NUMBER,40.85717,-73.90099,THERE IS A NO SHAKING  AND NO LEANING.    THEY PUT UP SCAFOLDING TO DO WORK  IN THE FRONT OF BUILDING THIS IS SECOND TIME THEY ARE GOING TO DO BRICK POINTING IN THE FRONT.  I NEED IT TO BE DONE IN THE BACK BECAUSE THAT IS  WHERE IS MY APARTMENT IS .  THERE ARE CRACKS IN THE EXTERIOR  WHICH IS CAUSING  MOISTURE. THIS HAS BEEN GOING ON FOR 5 TO 8 YEARS,2264,CRESTON AVENUE,3163,11
2017476,Bronx,207,4/5/2024,4/5/2024,2389268,Resolved,A,30,BUILDING SHAKING/VIBRATING/STRUCT STABILITY AFFECTED,CAT30 Resolved,I2,NO VIOLATION WARRANTED FOR COMPLAINT AT TIME OF INSPECTION,40.86797,-73.89523,"building has a vertical crack at the top and the separation of the brick, customer is concerned this may have to do with earthquake, the same building had fire a month ago, there is concern that this may be an issue now.",2710,MORRIS AVENUE,3316,20
2024145,Bronx,209,4/5/2024,4/5/2024,2389292,Resolved,A,30,BUILDING SHAKING/VIBRATING/STRUCT STABILITY AFFECTED,CAT30 Resolved,WA,WEATHER RELATED: NO ACTION NECESSARY,40.83,-73.87029,My building already has stability issues and after the      earthquake feels worse. Cracks on side of building both horizontal andverticle.,1210,CROES AVENUE,3749,1
2041705,Bronx,210,4/5/2024,4/6/2024,2389242,Resolved,A,30,BUILDING SHAKING/VIBRATING/STRUCT STABILITY AFFECTED,CAT30 Resolved,I2,NO VIOLATION WARRANTED FOR COMPLAINT AT TIME OF INSPECTION,40.83788,-73.84629,Building or part of building is unstable or in danger of collapsing.   The interior or exterior walls of a building developing gaps or separation in brickwork. some bricks are falling from the top you look up you can see how much bricks have fallen out.,1417,ROWLAND STREET,3973,34
2057259,Bronx,212,4/5/2024,4/5/2024,2389280,Resolved,A,30,BUILDING SHAKING/VIBRATING/STRUCT STABILITY AFFECTED,CAT30 Resolved,A8,ECB VIOLATION SERVED,40.87874,-73.86848,"WE JUST EXPERIENCED AN EARTHQUEAKE.  IT FELT LIKE BRICKS SHATTERING BETWEEN THE WALLS.  I CALLED THE LANDLORD AND THEY SAID THEY CAN'T DO ANYTHING ABOUT THE BUILDING.  AS I WAS SITTING IN THE KITCHEN, THE CHAIR I WAS SITTING IN SHOOK AND ALL I COULD HEAR WAS THE SOUND OF BRICKS COMING DOWN THE WALLS.  WE ALL RAN OUT OF THE BUILDING.  I HAVE AN ELDERLY MOTHER AND A LOT OF ELDERLY PEOPLE LIVE HERE.  THEY CAN'T USE THE ELEVATOR TO GET TO THEIR APARTMENTS.  WHEN YOU LOOK AT THE BUILDING FROM THE FRONT, YOU CAN SEE A CRACK ON THE RIGHT SIDE.  I AM CONCERNED ABOUT THIS BUIDLING AND I WOULD LIKE SOMEONE TO COME AND CHECK IT OUT.",3534,BRONX BOULEVARD,4641,10
2083662,Bronx,208,4/5/2024,4/6/2024,2389341,Resolved,A,30,BUILDING SHAKING/VIBRATING/STRUCT STABILITY AFFECTED,CAT30 Resolved,I2,NO VIOLATION WARRANTED FOR COMPLAINT AT TIME OF INSPECTION,40.88271,-73.90678,I ama the property owner and because of the earthquake I seecracks outside of my house.,3231,TIBBETT AVENUE,5758,345
2091878,Bronx,208,4/5/2024,4/6/2024,2389265,Resolved,A,30,BUILDING SHAKING/VIBRATING/STRUCT STABILITY AFFECTED,CAT30 Resolved,I2,NO VIOLATION WARRANTED FOR COMPLAINT AT TIME OF INSPECTION,40.88392,-73.90926,"The morning of  April 5,2024 my entire apartment has started to vibrate or shake i called 311 who reached out to 911 and i was informed this was happening all through out the city. I have under lying structural  damage in my apartment and beans damaged. other violations  are listed as well. i will like this to be looked into",3206,OXFORD AVENUE,5785,247
2092414,Bronx,205,4/5/2024,4/5/2024,2389266,Resolved,A,30,BUILDING SHAKING/VIBRATING/STRUCT STABILITY AFFECTED,CAT30 Resolved,I2,NO VIOLATION WARRANTED FOR COMPLAINT AT TIME OF INSPECTION,40.8568,-73.90186,THE BUILDING WAS SHAKIN . THIS is the second time this has  happened,2241,CRESTON AVENUE,3171,37
2096753,Bronx,210,4/5/2024,4/5/2024,2389296,Resolved,A,30,BUILDING SHAKING/VIBRATING/STRUCT STABILITY AFFECTED,CAT30 Resolved,I2,NO VIOLATION WARRANTED FOR COMPLAINT AT TIME OF INSPECTION,40.87501,-73.82836,There was an earthquake I felt the building shake and I was concerned about the integrity of the building. It is 33 stories up andI am on the 21 floor.,100,BENCHLEY PLACE,5141,120
2114124,Bronx,201,4/5/2024,4/5/2024,2389288,Resolved,A,30,BUILDING SHAKING/VIBRATING/STRUCT STABILITY AFFECTED,CAT30 Resolved,WA,WEATHER RELATED: NO ACTION NECESSARY,40.82114,-73.91493,There are cracks in my bedroom and the entire apartment from the windows and joints. Unsure weather there are cracks on the outside of the building. There was an earthquake in NYC today and when I walked in my apartment I saw the cracks.,760,MELROSE AVENUE,2378,1
2119382,Bronx,202,4/5/2024,4/6/2024,2389301,Resolved,A,30,BUILDING SHAKING/VIBRATING/STRUCT STABILITY AFFECTED,CAT30 Resolved,C2,INSPECTOR UNABLE TO GAIN ACCESS - 2ND ATTEMPT                             -,40.82153,-73.89739,there are cracks that have developed in my bedroom and my   living that appeared after the earthquake,920,WESTCHESTER AVENUE,2697,7501
3036565,Brooklyn,308,4/5/2024,4/5/2024,3954939,Resolved,A,30,BUILDING SHAKING/VIBRATING/STRUCT STABILITY AFFECTED,CAT30 Resolved,I2,NO VIOLATION WARRANTED FOR COMPLAINT AT TIME OF INSPECTION,40.672,-73.92845,My building was shaking earlier and there is cracking on theinterior walls. 1480 Park Place. This happened  because of the        earthquake.,1480,PARK PLACE,1373,40
3064508,Brooklyn,301,4/5/2024,4/5/2024,3954996,Resolved,A,30,BUILDING SHAKING/VIBRATING/STRUCT STABILITY AFFECTED,CAT30 Resolved,A8,ECB VIOLATION SERVED,40.73206,-73.95158,the building is leaning and there a lot of crack  in the    interior  and they got a lot bigger because of the earthquake,288,MCGUINNESS BOULEVARD,2542,2
3080861,Brooklyn,316,4/5/2024,4/6/2024,3954969,Resolved,A,30,BUILDING SHAKING/VIBRATING/STRUCT STABILITY AFFECTED,CAT30 Resolved,A1,BUILDINGS VIOLATION(S) SERVED,40.66667,-73.92042,building was shaking pretty strongly. i would like DOB to   come inspect if the building is stable.,49,TAPSCOTT STREET,3511,12
3087494,Brooklyn,305,4/5/2024,4/5/2024,3954966,Resolved,A,30,BUILDING SHAKING/VIBRATING/STRUCT STABILITY AFFECTED,CAT30 Resolved,I2,NO VIOLATION WARRANTED FOR COMPLAINT AT TIME OF INSPECTION,40.67839,-73.89111,This building is unstable and needs to be inspected. There  should be a stop work order put into place because there is still     construction going on when there was an earthquake happening,160,HENDRIX STREET,3933,49
3089069,Brooklyn,305,4/5/2024,4/7/2024,3955064,Resolved,A,30,BUILDING SHAKING/VIBRATING/STRUCT STABILITY AFFECTED,CAT30 Resolved,I2,NO VIOLATION WARRANTED FOR COMPLAINT AT TIME OF INSPECTION,40.67205,-73.89078,the building has a lot violations and cracks through out the building.  I'm concerned that the ceiling will fall in. i would like for someone to inspect this location. my building was shaking today at 7:00pm,361,MILLER AVENUE,4009,12
3107286,Brooklyn,309,4/5/2024,4/6/2024,3954984,Resolved,A,30,BUILDING SHAKING/VIBRATING/STRUCT STABILITY AFFECTED,CAT30 Resolved,I2,NO VIOLATION WARRANTED FOR COMPLAINT AT TIME OF INSPECTION,40.65821,-73.9478,"Our building has been shaking since Monday, April 1st and it has caused interior cracks on our shared wall and also we have vertical cracks on the fa ade of the building as well. We've also asked them to stop so we can get an agreement in place and they have not been fully forth coming with the engineering report.",383,HAWTHORNE STREET,4814,52
3108501,Brooklyn,317,4/5/2024,4/5/2024,3954972,Resolved,A,30,BUILDING SHAKING/VIBRATING/STRUCT STABILITY AFFECTED,CAT30 Resolved,I2,NO VIOLATION WARRANTED FOR COMPLAINT AT TIME OF INSPECTION,40.65216,-73.94939,Our building shook and swayed during the earthquake at      10:23am. It is an older building that already has exterior cracks in  it. Can you check the building for damages ?,260,LINDEN BOULEVARD,4868,7501
3114670,Brooklyn,309,4/5/2024,4/6/2024,3955034,Resolved,A,30,BUILDING SHAKING/VIBRATING/STRUCT STABILITY AFFECTED,CAT30 Resolved,A1,BUILDINGS VIOLATION(S) SERVED,40.65714,-73.96184,pieces of the building are falling to the ground. unstable  building facade.,239,OCEAN AVENUE,5026,344
3117338,Brooklyn,317,4/5/2024,4/7/2024,3955053,Resolved,A,30,BUILDING SHAKING/VIBRATING/STRUCT STABILITY AFFECTED,CAT30 Resolved,A1,BUILDINGS VIOLATION(S) SERVED,40.64914,-73.94994,due to the earthquake the stairs are cracked,2911,SNYDER AVENUE,5108,50
3152095,Brooklyn,310,4/5/2024,4/6/2024,3955049,Resolved,A,30,BUILDING SHAKING/VIBRATING/STRUCT STABILITY AFFECTED,CAT30 Resolved,A1,BUILDINGS VIOLATION(S) SERVED,40.62536,-74.02692,"THE EARTHQUAKE DAMAGED THE BUILDING.  PART OF THE PARAPET FELL OFF THE ROOF AND SMASHED BRICKS AND CONCRETE.  IT'S AN OLD BUILDING, 1939.  I LOOK IN THE BACK AND I SEE BRICK PIECES AND CONCRETE AND THIS DOES NOT LOOK LIKE IT FELL FROM THE BOTTOM.  IT MUST HAVE FALLEN FROM THE ROOF.  THE ROOF DAMAGE IS IN THE SAME COLUMN WHERE I HAVE 2 NEW CRACKS IN MY APARTMENT.  THE ROOF IS DIRECTLY ABOVE IN THE REAR BUILDING EXTENSION.",8201,4 AVENUE,6008,6
3185382,Brooklyn,311,4/5/2024,4/8/2024,3954858,Resolved,A,30,BUILDING SHAKING/VIBRATING/STRUCT STABILITY AFFECTED,CAT30 Resolved,I2,NO VIOLATION WARRANTED FOR COMPLAINT AT TIME OF INSPECTION,40.59798,-73.98672,Construction work (excavation) is causing nearby buildings  to shake.,2505,86 STREET,6860,1
3195094,Brooklyn,315,4/5/2024,4/6/2024,3955072,Resolved,A,30,BUILDING SHAKING/VIBRATING/STRUCT STABILITY AFFECTED,CAT30 Resolved,I2,NO VIOLATION WARRANTED FOR COMPLAINT AT TIME OF INSPECTION,40.58898,-73.97128,After today's earthquake residents are concerned with the   building's integrity. Residents are concerned with the weight of the  tower.,2470,WEST FIRST STREET,7194,28
3207297,Brooklyn,318,4/5/2024,4/5/2024,3955058,Resolved,A,30,BUILDING SHAKING/VIBRATING/STRUCT STABILITY AFFECTED,CAT30 Resolved,A8,ECB VIOLATION SERVED,40.62941,-73.94366,THE BUILDING SIDING IS  SHAKING AND BANGING AGAINST THE     BUILDING IN THE WIND ON THE SECOND FLOOR. THE SIDING IS FALLING OF IN LARGE ENOUGH SECTIONS THAT COULD HURT SOMEONE IF IT FALLS ON THEM,3320,AVENUE I,7597,77
3209344,Brooklyn,314,4/5/2024,4/5/2024,3954934,Resolved,A,30,BUILDING SHAKING/VIBRATING/STRUCT STABILITY AFFECTED,CAT30 Resolved,I2,NO VIOLATION WARRANTED FOR COMPLAINT AT TIME OF INSPECTION,40.62017,-73.95014,My building is shaking and making sounds its not due to the earthquake. There is construction going on next door Asking DOB to please come and inspect the area of the building. There is a lot of damage in my house.,3371,BEDFORD AVENUE,7643,21
3396863,Brooklyn,307,4/5/2024,4/5/2024,3954953,Resolved,A,30,BUILDING SHAKING/VIBRATING/STRUCT STABILITY AFFECTED,CAT30 Resolved,A1,BUILDINGS VIOLATION(S) SERVED,40.66288,-73.99797,Our building is trembling and shaking every day. Our        building is shaking. I want DOB to check our building structure.,134,22 STREET,645,14
4012487,Queens,401,4/5/2024,4/7/2024,4955497,Resolved,A,30,BUILDING SHAKING/VIBRATING/STRUCT STABILITY AFFECTED,CAT30 Resolved,I2,NO VIOLATION WARRANTED FOR COMPLAINT AT TIME OF INSPECTION,40.75823,-73.91485,there is a crack in the front of the attached houses        appeared after the earthquake,31-59,44 STREET,709,18
4037494,Queens,404,4/5/2024,4/5/2024,4955477,Resolved,A,30,BUILDING SHAKING/VIBRATING/STRUCT STABILITY AFFECTED,CAT30 Resolved,I2,NO VIOLATION WARRANTED FOR COMPLAINT AT TIME OF INSPECTION,40.74429,-73.88114,The entire building is swaying and shaking up and down. Thisneeds to be investigated,83-40,BRITTON AVENUE,1517,21
4047304,Queens,404,4/5/2024,4/6/2024,4955560,Resolved,A,30,BUILDING SHAKING/VIBRATING/STRUCT STABILITY AFFECTED,CAT30 Resolved,A8,ECB VIOLATION SERVED,40.73408,-73.86595,the crack is within the apartment. the crack was form in 2011 in the last earthquake. as of now the crack was damage again today due to today earthquake. the plaster has flaked off. theres also a crack in the kitchen wall. apartment 5F,94-10,60 AVENUE,1913,1
4075381,Queens,406,4/5/2024,4/5/2024,4955483,Resolved,A,30,BUILDING SHAKING/VIBRATING/STRUCT STABILITY AFFECTED,CAT30 Resolved,A1,BUILDINGS VIOLATION(S) SERVED,40.71399,-73.85815,"Customer would like to make a complaint about a there house.The house obtained a crack in the exterior wall after a earthquake,   near bedroom.",68-41,ALDERTON STREET,3180,25
4147000,Queens,408,4/5/2024,4/5/2024,4955473,Resolved,A,30,BUILDING SHAKING/VIBRATING/STRUCT STABILITY AFFECTED,CAT30 Resolved,I2,NO VIOLATION WARRANTED FOR COMPLAINT AT TIME OF INSPECTION,40.72811,-73.81051,earthquake on 4/5/2024 around 10am would like to make sure  the building is stable.,158-13,72 AVENUE,6797,7503
4188274,Queens,409,4/5/2024,4/6/2024,4955553,Resolved,A,30,BUILDING SHAKING/VIBRATING/STRUCT STABILITY AFFECTED,CAT30 Resolved,AA,HRP: REQUEST FOR CORRECTIVE ACTION ISSUED                                 -,40.6825,-73.85508,Customer's reporting the building having a cracked exterior facade due to the earthquake which happened today. Even inside the    building- the interior walls have separated from the ceiling.,97-32,85 STREET,9055,25
4214498,Queens,412,4/5/2024,4/5/2024,4955452,Resolved,A,10,DEBRIS/BUILDING - FALLING OR IN DANGER OF FALLING,CAT10 Resolved,L1,PARTIAL STOP WORK ORDER                                                 P,40.69743,-73.80659,DEBRIS FALLING ON ADJACENT PROPERTY,95-25,WALTHAM STREET,10026,34
4216426,Queens,412,4/5/2024,4/6/2024,4955545,Resolved,A,30,BUILDING SHAKING/VIBRATING/STRUCT STABILITY AFFECTED,CAT30 Resolved,I2,NO VIOLATION WARRANTED FOR COMPLAINT AT TIME OF INSPECTION,40.69711,-73.7913,There are cracks from the ceiling to halfway down the wall  that weren't there until after the earthquake that took place this    morning. This needs to be investigated asap,107-45,GUY R BREWER BOULEVARD,10166,8
4219094,Queens,412,4/5/2024,4/6/2024,4955548,Resolved,A,30,BUILDING SHAKING/VIBRATING/STRUCT STABILITY AFFECTED,CAT30 Resolved,I2,NO VIOLATION WARRANTED FOR COMPLAINT AT TIME OF INSPECTION,40.69629,-73.77779,"The building has cracks by the stairs and walls. The        earthquake has made it worse, as did the passing busses on the street.It's the Q42 bus.",175-05,111 AVENUE,10274,16
4433279,Queens,407,4/5/2024,4/6/2024,4955508,Resolved,A,30,BUILDING SHAKING/VIBRATING/STRUCT STABILITY AFFECTED,CAT30 Resolved,I2,NO VIOLATION WARRANTED FOR COMPLAINT AT TIME OF INSPECTION,40.78026,-73.84715,"3 story building shaking and vibrating for several days.    High winds, construction at end of block. Vibrations are intermittent.",20-50,121 STREET,4163,44
4440330,Queens,412,4/5/2024,4/6/2024,4955467,Resolved,A,30,BUILDING SHAKING/VIBRATING/STRUCT STABILITY AFFECTED,CAT30 Resolved,V3,AFTER-HOURS SWO VIOLATION SERVED FOR NON-COMPLIANT AFTER HOURS WORK,40.70753,-73.75475,The building is shaking and vibrating from the construction across  the  street. they are doing construction at P.S 134  in Hollis Queens.  On the corner of 109th avenue and 203 street and 204 street.  The is a crack in the concrete in the front of my house.  MY house is shaking and vibrating.  It has been happening ever since the work has started,203-02,109 AVENUE,10906,1
4457745,Queens,412,4/5/2024,4/6/2024,4955500,Resolved,A,30,BUILDING SHAKING/VIBRATING/STRUCT STABILITY AFFECTED,CAT30 Resolved,A1,BUILDINGS VIOLATION(S) SERVED,40.68491,-73.78495,There was recently a earthquake today. I have just gone outside of my apartment and noticed some cracks within the hallways of the building to the right of the entrance door. Near the top of heating pipe there is a big hole. On the opposite side near the garbage shoot there are cracks on the wall near the right.,116-31,157 STREET,12235,2
4618352,Queens,412,4/5/2024,4/7/2024,4955451,Resolved,A,30,BUILDING SHAKING/VIBRATING/STRUCT STABILITY AFFECTED,CAT30 Resolved,I2,NO VIOLATION WARRANTED FOR COMPLAINT AT TIME OF INSPECTION,40.69125,-73.79445,New construction taking place next  door and as a result of this construction there is foundation vibration taking place in the callers home.  Upper part of the roofing molding is falling apart and is cracked all around. The cracks are vertical and horizontal.,155-11,110 AVENUE,12146,31
4624500,Queens,412,4/5/2024,4/5/2024,4955466,Resolved,A,30,BUILDING SHAKING/VIBRATING/STRUCT STABILITY AFFECTED,CAT30 Resolved,H1,PLEASE SEE COMPLAINT NUMBER,40.69691,-73.80597,The building just shake and they are doing construction worknext to the building,97-10,SUTPHIN BOULEVARD,10030,6
5004478,Staten Island,501,4/5/2024,4/7/2024,5183444,Resolved,A,30,BUILDING SHAKING/VIBRATING/STRUCT STABILITY AFFECTED,CAT30 Resolved,AA,HRP: REQUEST FOR CORRECTIVE ACTION ISSUED                                 -,40.6382,-74.11427,There is a crack on my front and back  porch that was causedby the recent earthquake There are 26 bricks missing There is a       Horizontal crack on the left side also,144,ELM STREET,158,111
5043333,Staten Island,501,4/5/2024,4/6/2024,5183442,Resolved,A,30,BUILDING SHAKING/VIBRATING/STRUCT STABILITY AFFECTED,CAT30 Resolved,I2,NO VIOLATION WARRANTED FOR COMPLAINT AT TIME OF INSPECTION,40.61598,-74.08315,House was shaking and vibrating. Unsure of the house        stability.,392,VANDERBILT AVENUE,2877,123
5055411,Staten Island,503,4/5/2024,4/5/2024,5183417,Resolved,A,30,BUILDING SHAKING/VIBRATING/STRUCT STABILITY AFFECTED,CAT30 Resolved,I2,NO VIOLATION WARRANTED FOR COMPLAINT AT TIME OF INSPECTION,40.56142,-74.11509,Customer says that their residence is shaking due to the    construction happening on the street in front of their residence.,462,FALCON AVENUE,4007,55
5106184,Staten Island,501,4/5/2024,4/6/2024,5183449,Resolved,A,30,BUILDING SHAKING/VIBRATING/STRUCT STABILITY AFFECTED,CAT30 Resolved,I2,NO VIOLATION WARRANTED FOR COMPLAINT AT TIME OF INSPECTION,40.60669,-74.06531,"Interior of the building where the first floor ceiling meets the second floor in the shared stairwell. There is a crack that have crown from the earthquake, it looks to be a structural issues. It  runs the length of the stairwell approx. 15 feet long. Horizontal crack.",101,LYMAN AVENUE,3071,15
5152528,Staten Island,503,4/5/2024,4/6/2024,5183446,Resolved,A,30,BUILDING SHAKING/VIBRATING/STRUCT STABILITY AFFECTED,CAT30 Resolved,A1,BUILDINGS VIOLATION(S) SERVED,40.55833,-74.11938,"Due to the earthquake that occurred today, there are cracks in the walls of caller's house",484,TARRYTOWN AVENUE,4680,1
1025190,Manhattan,104,4/6/2024,4/7/2024,1664597,Resolved,A,30,BUILDING SHAKING/VIBRATING/STRUCT STABILITY AFFECTED,CAT30 Resolved,I2,NO VIOLATION WARRANTED FOR COMPLAINT AT TIME OF INSPECTION,40.7637,-73.98839,"the building shakes from time to time but that time is pretty regular.  theres a restaurant and when the restaurant is using its machines the building shakes, i have reported this to the restaurant and the building owner and nothing is being done.",750,9 AVENUE,1041,64
1060162,Manhattan,110,4/6/2024,4/7/2024,1664604,Resolved,A,30,BUILDING SHAKING/VIBRATING/STRUCT STABILITY AFFECTED,CAT30 Resolved,I2,NO VIOLATION WARRANTED FOR COMPLAINT AT TIME OF INSPECTION,40.82072,-73.9384,The earthquake made the entire building shake. The building could possibly be unstable.,137,WEST 144 STREET,2013,12
1061859,Manhattan,109,4/6/2024,4/8/2024,1664588,Resolved,A,30,BUILDING SHAKING/VIBRATING/STRUCT STABILITY AFFECTED,CAT30 Resolved,I2,NO VIOLATION WARRANTED FOR COMPLAINT AT TIME OF INSPECTION,40.82363,-73.94918,Building was shaking and vibrating last night and there are small chunks of debris in the hallway.,115,HAMILTON PLACE,2074,30
1064442,Manhattan,112,4/6/2024,4/7/2024,1664601,Resolved,A,30,BUILDING SHAKING/VIBRATING/STRUCT STABILITY AFFECTED,CAT30 Resolved,I2,NO VIOLATION WARRANTED FOR COMPLAINT AT TIME OF INSPECTION,40.85377,-73.9353,"I called to report property damage due to the earthquake on 04/05/2024,  the (vertical) crack is in located 2 verticle  cracks on the south facade, muliti-cracks on West facade, southwest verticle crack on the corner of building going into the cement of the sidewalk, vertical crack in hallway on the 5th floor top to bottom verticle crack.  There is a swarmp (safe with the addition of maintenance and repair) supposed to have been done 2022, but has NOT been done yet.",110,BENNETT AVENUE,2180,199
1083953,Manhattan,111,4/6/2024,4/6/2024,1664592,Resolved,A,30,BUILDING SHAKING/VIBRATING/STRUCT STABILITY AFFECTED,CAT30 Resolved,WB,WEATHER RELATED: NO ACCESS,40.79089,-73.93768,The inside of the my apartment has cracks on the walls from the earthquake that happen yesterday.,2080,1 AVENUE,1701,1
2004345,Bronx,201,4/6/2024,4/6/2024,2389378,Resolved,A,30,BUILDING SHAKING/VIBRATING/STRUCT STABILITY AFFECTED,CAT30 Resolved,I2,NO VIOLATION WARRANTED FOR COMPLAINT AT TIME OF INSPECTION,40.81676,-73.91097,after yesterday's earthquake the floor beams under our 2    family house are cracked,643,EAGLE AVENUE,2617,83
2016595,Bronx,207,4/6/2024,4/6/2024,2389375,Resolved,A,30,BUILDING SHAKING/VIBRATING/STRUCT STABILITY AFFECTED,CAT30 Resolved,WA,WEATHER RELATED: NO ACTION NECESSARY,40.86345,-73.89234,building has cracks and is old and the earthquake is        dangerous. 100 year old building needs inspection,2580,BAINBRIDGE AVENUE,3286,34
3010960,Brooklyn,307,4/6/2024,4/6/2024,3955117,Resolved,A,30,BUILDING SHAKING/VIBRATING/STRUCT STABILITY AFFECTED,CAT30 Resolved,A1,BUILDINGS VIOLATION(S) SERVED,40.64969,-74.0078,inside my apartment there is a crack in the wall and after  yesterdays earthquake it has worsened,430,43 STREET,729,19
3029714,Brooklyn,309,4/6/2024,4/8/2024,3955129,Resolved,A,30,BUILDING SHAKING/VIBRATING/STRUCT STABILITY AFFECTED,CAT30 Resolved,C2,INSPECTOR UNABLE TO GAIN ACCESS - 2ND ATTEMPT                             -,40.66805,-73.96041,"Caller, I want to report a building that has a cracked      exterior. This is been going for a while  but after earthquake the    crack is bigger.",934,CARROLL STREET,1189,24
3031471,Brooklyn,308,4/6/2024,4/6/2024,3955114,Resolved,A,30,BUILDING SHAKING/VIBRATING/STRUCT STABILITY AFFECTED,CAT30 Resolved,A1,BUILDINGS VIOLATION(S) SERVED,40.67318,-73.95332,"Caller, I have noticed a crack goes across the whole wall. This is in the interior and exterior crack. Sometimes, we fell motion. I'm scare because this might collapse it's been getting bigger and bigger. The building was shaking yesterday due to earthquake. My apartment= 7",102,ROGERS AVENUE,1239,21
3032427,Brooklyn,308,4/6/2024,4/8/2024,3955128,Resolved,A,30,BUILDING SHAKING/VIBRATING/STRUCT STABILITY AFFECTED,CAT30 Resolved,I2,NO VIOLATION WARRANTED FOR COMPLAINT AT TIME OF INSPECTION,40.6708,-73.94455,The resident would like to make DOB aware of crack on the exterior wall of the building. The resident would like DOB to investigate the structure of the building. Being that the earthquake did occur yesterday and would like to know the building is safe.,259,BROOKLYN AVENUE,1257,5
3032934,Brooklyn,309,4/6/2024,4/6/2024,3955106,Resolved,A,30,BUILDING SHAKING/VIBRATING/STRUCT STABILITY AFFECTED,CAT30 Resolved,I2,NO VIOLATION WARRANTED FOR COMPLAINT AT TIME OF INSPECTION,40.66922,-73.94915,Cracks throughout the exterior of the building and even at the top of the building and outside of the fire escape. I have been hearing sharp sounds that sound like cracks. Building was vibrating during the earthquake and following the events of the earthquake. Building also vibrates with a train passing by.,576,EASTERN PARKWAY,1269,20
3107286,Brooklyn,309,4/6/2024,4/6/2024,3955105,Resolved,A,30,BUILDING SHAKING/VIBRATING/STRUCT STABILITY AFFECTED,CAT30 Resolved,I2,NO VIOLATION WARRANTED FOR COMPLAINT AT TIME OF INSPECTION,40.65821,-73.9478,"Our building has been shaking since Monday, April 1st and it has caused interior cracks on our shared wall and also we have vertical cracks on the fa ade of the building as well. We've also asked them to stop so we can get an agreement in place and they have not been fully forth coming with the engineering report. And then today the building inspector came to take pictures of our building in reference to SR # 311-18169163. The building inspector took exterior pictures, but, we did not want the inspector into our building to take interior pictures. Please refer to SR 311-18177411 for photos",383,HAWTHORNE STREET,4814,52
3225586,Brooklyn,318,4/6/2024,4/7/2024,3955143,Resolved,A,30,BUILDING SHAKING/VIBRATING/STRUCT STABILITY AFFECTED,CAT30 Resolved,I2,NO VIOLATION WARRANTED FOR COMPLAINT AT TIME OF INSPECTION,40.63318,-73.90899,There is a crack on the side of my single family home due to the earth quake that took place yesterday. The crack is from the base of the home to the first floor going into three different directions. It is about 4-5 feet or more. It is the exterior. The outside of my home is concrete.,1065,EAST 81 STREET,8033,11
3398696,Brooklyn,316,4/6/2024,4/7/2024,3955133,Resolved,A,30,BUILDING SHAKING/VIBRATING/STRUCT STABILITY AFFECTED,CAT30 Resolved,I2,NO VIOLATION WARRANTED FOR COMPLAINT AT TIME OF INSPECTION,40.6744,-73.90797,Walls were shaking following the earthquake and produced a  crack in the ceiling of the apartment.,203,MOTHER GASTON BOULEVARD,1450,7501
3413640,Brooklyn,317,4/6/2024,4/6/2024,3955089,Resolved,A,30,BUILDING SHAKING/VIBRATING/STRUCT STABILITY AFFECTED,CAT30 Resolved,I2,NO VIOLATION WARRANTED FOR COMPLAINT AT TIME OF INSPECTION,40.6315,-73.94328,During the earthquake my building was shaking. It needs to  be checked for any damages.,3510,AVENUE H,7579,29
4201404,Queens,410,4/6/2024,4/7/2024,4955622,Resolved,A,30,BUILDING SHAKING/VIBRATING/STRUCT STABILITY AFFECTED,CAT30 Resolved,AA,HRP: REQUEST FOR CORRECTIVE ACTION ISSUED                                 -,40.68288,-73.83772,"I am calling to request your assistance with inspecting and fixing my home condition that was damaged as result of the earthquake on April 5, 2024. The stairs leading up to the house are broken, the front door by my house got damaged and has a few holes. The building was shaking yesterday around 10 am and when I came home at 6 pm yesterday, I felt the shaking. Today when I came in after work at around 6 pm, I noticed the structural damage to the stairs and the door has moved a bit, it has a few holes. My walls were also damaged by the rain yesterday, the wall inside the building's extension behind the home are bubbling. I appreciate your assistance with the inspection of structural damage to the property, Jagdesh Sukhu.",103-48,104 STREET,9507,27
4303941,Queens,414,4/6/2024,4/8/2024,4955579,Resolved,A,10,DEBRIS/BUILDING - FALLING OR IN DANGER OF FALLING,CAT10 Resolved,H1,PLEASE SEE COMPLAINT NUMBER,40.57906,-73.83638,"falling material from a condemned house code category 10 in the rear of the house fire escape , shingles and siding are falling and a section of the third floor roof  all in the rear of the building .  you cant access the rear of the building unless you go through  169  beach 115 street  vacant lot",160,BEACH 116 STREET,16188,68
4463897,Queens,414,4/6/2024,4/9/2024,4955607,Resolved,A,30,BUILDING SHAKING/VIBRATING/STRUCT STABILITY AFFECTED,CAT30 Resolved,I2,NO VIOLATION WARRANTED FOR COMPLAINT AT TIME OF INSPECTION,40.59475,-73.76429,This building is unstable. The issue intensified with the   recent earthquake. The floor shakes when I walk in the living room    and the kitchen.,3116,SEAGIRT AVENUE,15807,28
5152511,Staten Island,503,4/6/2024,4/7/2024,5183457,Resolved,A,30,BUILDING SHAKING/VIBRATING/STRUCT STABILITY AFFECTED,CAT30 Resolved,I2,NO VIOLATION WARRANTED FOR COMPLAINT AT TIME OF INSPECTION,40.55858,-74.12,caller  is concerned about the earthquake results and the   structure of her home and would like to have the premises checked for stability,485,TARRYTOWN AVENUE,4674,9
1063029,Manhattan,112,4/7/2024,4/9/2024,1664633,Resolved,A,30,BUILDING SHAKING/VIBRATING/STRUCT STABILITY AFFECTED,CAT30 Resolved,C2,INSPECTOR UNABLE TO GAIN ACCESS - 2ND ATTEMPT                             -,40.84106,-73.93645," We really need our building to inspected. There is water coming from the ceilings. The apartment  I reside in initially had cracks  in the wall, and in the ceiling and in three rooms, the ones in the bedroom issues in the ceiling. I am calling because I want to make sure my apartment does not have more damage to the cracks since the earthquake. We are concerned about the safety of my building because the building next door building is unstabled. I already have fault line cracks in my building and apartment since the earthquake this needs to be checked.  I reside in at 500 west 170th street Manhattan ny 10032 Apt number 5b 914-410-3883 number to Denali Management",500,WEST 170 STREET,2126,42
1077560,Manhattan,103,4/7/2024,4/8/2024,1664630,Resolved,A,30,BUILDING SHAKING/VIBRATING/STRUCT STABILITY AFFECTED,CAT30 Resolved,I2,NO VIOLATION WARRANTED FOR COMPLAINT AT TIME OF INSPECTION,40.72535,-73.98556,"There has been vibrating felt in the building, that has beenongoing even before the Earthquake and the building needs to be       checked",155,EAST 4 STREET,432,1
2000555,Bronx,201,4/7/2024,4/8/2024,2389426,Resolved,A,30,BUILDING SHAKING/VIBRATING/STRUCT STABILITY AFFECTED,CAT30 Resolved,I2,NO VIOLATION WARRANTED FOR COMPLAINT AT TIME OF INSPECTION,40.80703,-73.92645,"The building shakes and the furniture moves. There is also  shaking from the washing machine in the basement,",346,EAST 134 STREET,2296,10
3218707,Brooklyn,318,4/7/2024,4/8/2024,3955194,Resolved,A,30,BUILDING SHAKING/VIBRATING/STRUCT STABILITY AFFECTED,CAT30 Resolved,AA,HRP: REQUEST FOR CORRECTIVE ACTION ISSUED                                 -,40.62345,-73.92527,my house was shaking pretty badly after the earthquake and  the chimney cracked and broke,5202,AVENUE L,7850,43
3321836,Brooklyn,315,4/7/2024,4/8/2024,3955226,Resolved,A,30,BUILDING SHAKING/VIBRATING/STRUCT STABILITY AFFECTED,CAT30 Resolved,I2,NO VIOLATION WARRANTED FOR COMPLAINT AT TIME OF INSPECTION,40.59926,-73.93333,Not during the construction but during construction. Severalapartments now have space between floor and wall  cracking in the     ceiling. Floor and walks were creaking during earthquake,2229,KNAPP STREET,8821,1
4045402,Queens,404,4/7/2024,4/8/2024,4955663,Resolved,A,30,BUILDING SHAKING/VIBRATING/STRUCT STABILITY AFFECTED,CAT30 Resolved,F6,COMPLAINT REFERRED TO DEPARTMENT OF TRANSPORTATION (DOT),40.7364,-73.87622,Building shakes when heavy trucks and cars go by. There is also a train underneath. Metal plate and the street is cracked with a dip. Not sure if earthquake caused more damage. This has been going on for a year.,86-35,QUEENS BOULEVARD,1842,71
4302486,Queens,414,4/7/2024,4/9/2024,4955657,Resolved,A,30,BUILDING SHAKING/VIBRATING/STRUCT STABILITY AFFECTED,CAT30 Resolved,I2,NO VIOLATION WARRANTED FOR COMPLAINT AT TIME OF INSPECTION,40.59722,-73.79631,"my house has be vibrating since the earthquake. it is my belief that the earthquake shifted my home. my roof was damaged, cement stairs cracked, and I'm worried that the foundation of my home has been compromised.",66-18,ALMEDA AVENUE,16027,50
4304592,Queens,414,4/7/2024,4/9/2024,4955658,Resolved,A,30,BUILDING SHAKING/VIBRATING/STRUCT STABILITY AFFECTED,CAT30 Resolved,I2,NO VIOLATION WARRANTED FOR COMPLAINT AT TIME OF INSPECTION,40.57946,-73.8427,After the earthquake my home began to vibrate as traffic    passed by and continues to do so. this did not occur before the       earthquake. I feel that the foundation of my home is compromised,246,BEACH 122 STREET,16217,59
1087473,Manhattan,111,4/8/2024,4/9/2024,1664729,Resolved,A,30,BUILDING SHAKING/VIBRATING/STRUCT STABILITY AFFECTED,CAT30 Resolved,I2,NO VIOLATION WARRANTED FOR COMPLAINT AT TIME OF INSPECTION,40.7982,-73.93597,There was an earthquake as scaffolding was put up for construction back in October of 2022 which no work has been done. I just want someone to come out and inspect the integrity of the building as it was sighted for cracks and we have been having heavy fall as well which has been compromising it.,309,EAST 118 STREET,1795,7
2001386,Bronx,201,4/8/2024,4/9/2024,2389481,Active,A,30,BUILDING SHAKING/VIBRATING/STRUCT STABILITY AFFECTED,CAT30 Active,C1,INSPECTOR UNABLE TO GAIN ACCESS - 1ST ATTEMPT                             -,40.81942,-73.9147,"The back of the building is starting to fall apart. The building is connect to our backyard and it's starting to lean toward our property. The building looks old. there was a problem with the bricks, and they covered it with cement, and now the cement is starting to fall apart. I haven't noticed any cracks or gaps.",701,ELTON AVENUE,2376,23
2049404,Bronx,211,4/8/2024,4/8/2024,2389439,Resolved,A,30,BUILDING SHAKING/VIBRATING/STRUCT STABILITY AFFECTED,CAT30 Resolved,I2,NO VIOLATION WARRANTED FOR COMPLAINT AT TIME OF INSPECTION,40.85533,-73.86638,Building is slanted in the middle on the B line section unitCaused by earthquake  Scaffold may fall  Cracks,2156,CRUGER AVENUE,4319,10
2062703,Bronx,212,4/8/2024,4/9/2024,2389466,Resolved,A,30,BUILDING SHAKING/VIBRATING/STRUCT STABILITY AFFECTED,CAT30 Resolved,I2,NO VIOLATION WARRANTED FOR COMPLAINT AT TIME OF INSPECTION,40.86826,-73.83633,One family home had cracks on the exterior wall before the  earthquake. The earthquake seems to expand the cracks on the exterior wall. t,2829,BRUNER AVENUE,4794,20
2066365,Bronx,212,4/8/2024,4/9/2024,2389490,Resolved,A,30,BUILDING SHAKING/VIBRATING/STRUCT STABILITY AFFECTED,CAT30 Resolved,I2,NO VIOLATION WARRANTED FOR COMPLAINT AT TIME OF INSPECTION,40.8891,-73.83413,The resident is making a complaint that the interior wall   has cracked due to the earthquake. The resident would like this matterto be looked at by DOB.,1456,EAST 233 STREET,4945,74
2092720,Bronx,209,4/8/2024,4/9/2024,2389514,Active,A,30,BUILDING SHAKING/VIBRATING/STRUCT STABILITY AFFECTED,CAT30 Active,C1,INSPECTOR UNABLE TO GAIN ACCESS - 1ST ATTEMPT                             -,40.82047,-73.87709,cracks in the walls from the earthquake on 04/5/2024.,825,BOYNTON AVENUE,3623,20
2102379,Bronx,205,4/8/2024,4/9/2024,2389506,Resolved,A,10,DEBRIS/BUILDING - FALLING OR IN DANGER OF FALLING,CAT10 Resolved,Y3,PARTIAL VACATE ORDER ISSUED                                              P,40.84848,-73.91706,there is active construction next to my property there is falling cement coming the right side of the building .. the cement is coming from the roof and the side of the building it is falling into my yard where my dog goes out to the use the bathroom. the cement may fall on my dog one day .. they built a wall that is invading onto my property also,1707,NELSON AVENUE,2876,138
3034766,Brooklyn,309,4/8/2024,4/8/2024,3955281,Resolved,A,30,BUILDING SHAKING/VIBRATING/STRUCT STABILITY AFFECTED,CAT30 Resolved,I2,NO VIOLATION WARRANTED FOR COMPLAINT AT TIME OF INSPECTION,40.66314,-73.95441,There are doing construction work and the building that I   live in is vibrating,203,STERLING STREET,1314,56
3107286,Brooklyn,309,4/8/2024,,3955358,Active,A,30,BUILDING SHAKING/VIBRATING/STRUCT STABILITY AFFECTED,CAT30 Active,,,40.65821,-73.9478,construction next door is causing cracks on our property and bricks falling from the facade and building is vibrating. afraid the integrity of our building has been compromised because of the construction,383,HAWTHORNE STREET,4814,52
3108527,Brooklyn,317,4/8/2024,4/9/2024,3955327,Active,A,30,BUILDING SHAKING/VIBRATING/STRUCT STABILITY AFFECTED,CAT30 Active,C1,INSPECTOR UNABLE TO GAIN ACCESS - 1ST ATTEMPT                             -,40.65207,-73.94744,There are 2 exterior cracks on the property from the earth  quake. Can someone take a look?,351,MARTENSE STREET,4868,63
3135814,Brooklyn,312,4/8/2024,4/9/2024,3955251,Resolved,A,30,BUILDING SHAKING/VIBRATING/STRUCT STABILITY AFFECTED,CAT30 Resolved,I2,NO VIOLATION WARRANTED FOR COMPLAINT AT TIME OF INSPECTION,40.64225,-73.99409,the building that i live in is shaking due to construction that is going on  2 doors down from where my house is.  construction has been going on in this area for sometime and i worry about being safe.,4211,NEW UTRECHT AVENUE,5596,29
3159704,Brooklyn,311,4/8/2024,4/9/2024,3955316,Resolved,A,10,DEBRIS/BUILDING - FALLING OR IN DANGER OF FALLING,CAT10 Resolved,I2,NO VIOLATION WARRANTED FOR COMPLAINT AT TIME OF INSPECTION,40.6125,-73.99402,"I would like to file dob complaint. They are doing illegal exterior work and it is not protecting the sidewalk, debris (little pieces of concrete) is falling. It is falling from the front and left side",7416,19 AVENUE,6216,48
4005522,Queens,401,4/8/2024,4/9/2024,4955718,Resolved,A,30,BUILDING SHAKING/VIBRATING/STRUCT STABILITY AFFECTED,CAT30 Resolved,A8,ECB VIOLATION SERVED,40.77174,-73.93354,"No construction going on.  Commercial building facade is    leaning precariously, looks like it might fall.  It is occupied with  commercial tenants.",16-Sep,MAIN AVENUE,506,41
4196186,Queens,409,4/8/2024,4/9/2024,4955727,Resolved,A,30,BUILDING SHAKING/VIBRATING/STRUCT STABILITY AFFECTED,CAT30 Resolved,I2,NO VIOLATION WARRANTED FOR COMPLAINT AT TIME OF INSPECTION,40.70101,-73.8234,Cracks on building exterior after earthquake on 4/5/24.     Also damage to stairs and ceiling in hallways.,87-14,129 STREET,9335,18
4293700,Queens,410,4/8/2024,4/8/2024,4955680,Resolved,A,30,BUILDING SHAKING/VIBRATING/STRUCT STABILITY AFFECTED,CAT30 Resolved,A1,BUILDINGS VIOLATION(S) SERVED,40.65593,-73.8423,On April 5 2024 - earthquake caused caller's house to shake and there are cracks from the ground up.,160-44,90 STREET,14027,30
1038574,Manhattan,106,4/9/2024,,1664843,Active,A,30,BUILDING SHAKING/VIBRATING/STRUCT STABILITY AFFECTED,CAT30 Active,,,40.75779,-73.96707,"The building and shaking and vibrating from the             construction. they are doing construction at  245 East 54  street, ny,ny 10022",237,EAST 54 STREET,1328,20
1057740,Manhattan,110,4/9/2024,,1664831,Active,A,30,BUILDING SHAKING/VIBRATING/STRUCT STABILITY AFFECTED,CAT30 Active,,,40.80674,-73.94766,my apartment is shaking from the water pump in the basement .,118,WEST 123 STREET,1907,45
1058015,Manhattan,110,4/9/2024,,1664822,Active,A,30,BUILDING SHAKING/VIBRATING/STRUCT STABILITY AFFECTED,CAT30 Active,,,40.81091,-73.94447,Customer says that the exterior facade has a hole in it and bricks are falling from it and customer would like this issue to be   inspected.,121,WEST 129 STREET,1914,122
1090257,Manhattan,101,4/9/2024,,1664788,Active,A,30,BUILDING SHAKING/VIBRATING/STRUCT STABILITY AFFECTED,CAT30 Active,,,40.7055,-74.00477,"Construction has been halted due to the building leaning.   It's not occupied; it's in construction mode.  Due to the recent      earthquake, building should be checked.",161,MAIDEN LANE,72,7502
2014479,Bronx,205,4/9/2024,,2389577,Active,A,30,BUILDING SHAKING/VIBRATING/STRUCT STABILITY AFFECTED,CAT30 Active,,,40.85583,-73.90807,Customer would like to report the house is shaking and leaning. The floors are slanted. Landlord did construction add balconies to the house. This caused the instability of the house. Customer stated it is a  private house. The ceiling is cracked and falling. Customer stated the landlord offered to pay the customer 500 a day to leave home for inspection. But the did not want to take the money. Customer had no where to go with family members for three days.,2119,GRAND AVENUE,3206,60
3043001,Brooklyn,303,4/9/2024,4/9/2024,3955482,Resolved,A,10,DEBRIS/BUILDING - FALLING OR IN DANGER OF FALLING,CAT10 Resolved,A8,ECB VIOLATION SERVED,40.69474,-73.94012,FDNY REPORTED DEBRIS FALLING FROM REAR OF THE BUILDING,117,GARVEY BOULEVARD,1591,9
3050765,Brooklyn,303,4/9/2024,,3955553,Active,A,30,BUILDING SHAKING/VIBRATING/STRUCT STABILITY AFFECTED,CAT30 Active,,,40.68793,-73.94418,The right side of the building from the top going down has  cracks. The cracks are vertical and they may have been caused by the  earthquake.,403,QUINCY STREET,1805,73
3063828,Brooklyn,301,4/9/2024,,3955467,Active,A,10,DEBRIS/BUILDING - FALLING OR IN DANGER OF FALLING,CAT10 Active,,,40.73531,-73.95575,The debris feel from the scaffold into my backyard. A few months ago a large piece of debris fell from the roof onto  my properties gazebo destroying it. This is dangerous for my young children living at home with me. We are unable to use the backyard because of this. This construction has been going on for a few years. This year stuff has been falling more often.,129,EAGLE STREET,2495,52
3209904,Brooklyn,318,4/9/2024,,3955425,Active,A,30,BUILDING SHAKING/VIBRATING/STRUCT STABILITY AFFECTED,CAT30 Active,,,40.62167,-73.93981,"there are pieces of concrete falling off the back of a      residential building into two neighboring properties. Some pieces are large, some small",3601,KINGS HIGHWAY,7654,24
3326603,Brooklyn,316,4/9/2024,4/9/2024,3955485,Resolved,A,30,BUILDING SHAKING/VIBRATING/STRUCT STABILITY AFFECTED,CAT30 Resolved,I2,NO VIOLATION WARRANTED FOR COMPLAINT AT TIME OF INSPECTION,40.65533,-73.90927,"They were working on my building facade for cracks and brick replacement as well as balcony repair. They stopped mid-work because payment stopped, in mid November. I am concerned that the earthquake may have done more damage to the building. There continue to be leaks in both buildings. I saw leaks as recently as today. The heavy equipment for the facade work is still on the roof and the scaffolding is still attached to the building.",1381,LINDEN BOULEVARD,3633,1
3426797,Brooklyn,301,4/9/2024,,3955570,Active,A,30,BUILDING SHAKING/VIBRATING/STRUCT STABILITY AFFECTED,CAT30 Active,,,40.71184,-73.945,there is stuff coming off the ceiling and I have videos withthe concrete/cement from ceiling falling down.,695,GRAND STREET,2782,7502
4254014,Queens,410,4/9/2024,4/9/2024,4955896,Active,A,30,BUILDING SHAKING/VIBRATING/STRUCT STABILITY AFFECTED,CAT30 Active,C1,INSPECTOR UNABLE TO GAIN ACCESS - 1ST ATTEMPT                             -,40.67302,-73.8194,"The building has cracks going up and down on the exterior, only both sides of the property. A one family home. I noticed the cracks today. I am certain that it happened during the most recent earthquake on 4/6/24.",130-36,120 STREET,11726,53
4286661,Queens,413,4/9/2024,,4955905,Active,A,30,BUILDING SHAKING/VIBRATING/STRUCT STABILITY AFFECTED,CAT30 Active,,,40.66137,-73.75671,Cracks found in various area of the home following the      recent earthquake. Requesting inspection.,145-77,223 STREET,13471,19
4290476,Queens,413,4/9/2024,,4955831,Active,A,30,BUILDING SHAKING/VIBRATING/STRUCT STABILITY AFFECTED,CAT30 Active,,,40.65273,-73.73397,SHAKING/VIBRATING BUILDING AS A RESULT OF STREET            CONSTRUCTION. The caller said the shaking has become consistent every time there is banging etc.,255-06,149 AVENUE,13669,6
4297564,Queens,414,4/9/2024,,4955888,Active,A,30,BUILDING SHAKING/VIBRATING/STRUCT STABILITY AFFECTED,CAT30 Active,,,40.60228,-73.81961,"The vacant building has the bottom foundation separation    from the structure. This damage has been noticed from after the       earthquake.In the back of house on the side,",14-20,CROSSBAY BOULEVARD,15479,12
5157402,Staten Island,501,4/9/2024,,5183534,Active,A,30,BUILDING SHAKING/VIBRATING/STRUCT STABILITY AFFECTED,CAT30 Active,,,40.61518,-74.06464,"The fa ade its defective.  The facade its falling to the ground from the top of the building.  On the top of the floor a crack exist and facade parts are falling off into the ground.  The Problem its on the north west side of the building.  The problem locates on the side facing the city.  The problem keeps reoccurring since the earthquake.  bricks and parts of the Fa ade have fallen on 4/06/23 4/07/23.  The building has become unstable since the earthquake.  Debris also its falling off the facade into 19 hyland blvd.  On the top of the building a crack appears around the sixth floor.  The building keeps unstable, parts of the facade keeps falling off from the top of the buildig.",31,HYLAN BOULEVARD,2829,7501
